{
  "one_page_websites/01.html": {
    "number": 1,
    "filename": "01.html",
    "title": "The Fourth Pillar: AI in Science",
    "description": "",
    "file_path": "one_page_websites/01.html",
    "relative_path": "one_page_websites/01.html",
    "file_size": 55377,
    "file_mtime": 1750369832.9572544,
    "created_at": "2025-06-19T22:01:47.306914",
    "modified_at": "2025-06-19T21:50:32.957254",
    "cached_at": 1750400634.636405
  },
  "one_page_websites/02.html": {
    "number": 2,
    "filename": "02.html",
    "title": "Magnetometry: An Exploration",
    "description": "",
    "file_path": "one_page_websites/02.html",
    "relative_path": "one_page_websites/02.html",
    "file_size": 36949,
    "file_mtime": 1750401391.066631,
    "created_at": "2025-06-20T06:36:39.938099",
    "modified_at": "2025-06-20T06:36:31.066631",
    "cached_at": 1750416813.4644537
  },
  "one_page_websites/03.html": {
    "number": 3,
    "filename": "03.html",
    "title": "Optical Magnetometry:  A Guide",
    "description": "",
    "file_path": "one_page_websites/03.html",
    "relative_path": "one_page_websites/03.html",
    "file_size": 35692,
    "file_mtime": 1750371656.165198,
    "created_at": "2025-06-19T22:21:05.571826",
    "modified_at": "2025-06-19T22:20:56.165198",
    "cached_at": 1750400634.6513805
  },
  "one_page_websites/04.html": {
    "number": 4,
    "filename": "04.html",
    "title": "The Evolution of AI Thought:  A Guide to LLMs & LRMs",
    "description": "",
    "file_path": "one_page_websites/04.html",
    "relative_path": "one_page_websites/04.html",
    "file_size": 38205,
    "file_mtime": 1750401446.6188822,
    "created_at": "2025-06-20T06:37:58.188368",
    "modified_at": "2025-06-20T06:37:26.618882",
    "cached_at": 1750416813.475299
  },
  "one_page_websites\\01.html": {
    "number": 1,
    "filename": "01.html",
    "title": "The Fourth Pillar: AI in Science",
    "description": "",
    "file_path": "one_page_websites\\01.html",
    "relative_path": "one_page_websites/01.html",
    "file_size": 55377,
    "file_mtime": 1750444455.1505609,
    "created_at": "2025-06-20T02:36:02.405592",
    "modified_at": "2025-06-21T00:04:15.150561",
    "cached_at": 1750446076.610839
  },
  "one_page_websites\\02.html": {
    "number": 2,
    "filename": "02.html",
    "title": "Magnetometry: An Exploration",
    "description": "",
    "file_path": "one_page_websites\\02.html",
    "relative_path": "one_page_websites/02.html",
    "file_size": 36949,
    "file_mtime": 1750401391.066631,
    "created_at": "2025-06-20T03:31:05.930748",
    "modified_at": "2025-06-20T12:06:31.066631",
    "cached_at": 1750405819.0279238
  },
  "one_page_websites\\03.html": {
    "number": 3,
    "filename": "03.html",
    "title": "Optical Magnetometry:  A Guide",
    "description": "",
    "file_path": "one_page_websites\\03.html",
    "relative_path": "one_page_websites/03.html",
    "file_size": 35692,
    "file_mtime": 1750371656.165198,
    "created_at": "2025-06-20T03:50:46.755203",
    "modified_at": "2025-06-20T03:50:56.165198",
    "cached_at": 1750405819.0309243
  },
  "one_page_websites\\04.html": {
    "number": 4,
    "filename": "04.html",
    "title": "The Evolution of AI Thought:  A Guide to LLMs & LRMs",
    "description": "",
    "file_path": "one_page_websites\\04.html",
    "relative_path": "one_page_websites/04.html",
    "file_size": 38205,
    "file_mtime": 1750401446.6188822,
    "created_at": "2025-06-20T11:27:12.507505",
    "modified_at": "2025-06-20T12:07:26.618882",
    "cached_at": 1750405819.034923
  },
  "one_page_websites\\05.html": {
    "number": 5,
    "filename": "05.html",
    "title": "The Evolution of RAG:  A Guide",
    "description": "",
    "file_path": "one_page_websites\\05.html",
    "relative_path": "one_page_websites/05.html",
    "file_size": 23949,
    "file_mtime": 1750405797.1111588,
    "created_at": "2025-06-20T13:19:53.603191",
    "modified_at": "2025-06-20T13:19:57.111159",
    "cached_at": 1750405819.0364347
  },
  "one_page_websites/05.html": {
    "number": 5,
    "filename": "05.html",
    "title": "The Evolution of RAG:  A Guide",
    "description": "",
    "file_path": "one_page_websites/05.html",
    "relative_path": "one_page_websites/05.html",
    "file_size": 23949,
    "file_mtime": 1750405797.1111588,
    "created_at": "2025-06-20T07:50:08.979164",
    "modified_at": "2025-06-20T07:49:57.111159",
    "cached_at": 1750416813.4857512
  },
  "one_page_websites\\06.html": {
    "number": 6,
    "filename": "06.html",
    "title": "The Architecture of Credibility:  A Guide",
    "description": "",
    "file_path": "one_page_websites\\06.html",
    "relative_path": "one_page_websites/06.html",
    "file_size": 27328,
    "file_mtime": 1750441534.5719264,
    "created_at": "2025-06-20T23:15:31.542035",
    "modified_at": "2025-06-20T23:15:34.571926",
    "cached_at": 1750441552.8842494
  },
  "one_page_websites\\07.html": {
    "number": 7,
    "filename": "07.html",
    "title": "The Karamazov Question: A Philosophical Exploration",
    "description": "",
    "file_path": "one_page_websites\\07.html",
    "relative_path": "one_page_websites/07.html",
    "file_size": 37242,
    "file_mtime": 1750446071.28835,
    "created_at": "2025-06-21T00:31:04.134062",
    "modified_at": "2025-06-21T00:31:11.288350",
    "cached_at": 1750446076.614844
  }
}