{
  "publications": [
    {
      "id": 1,
      "title": "Solving tricky quantum optics problems with assistance from (artificial) intelligence",
      "authors_venue": "M Pandey, BH Madhusudhana, S Ghosh, D Budker",
      "authors": "M Pandey, BH Madhusudhana, S Ghosh, D Budker",
      "venue": "",
      "citations": 0,
      "year": 2025,
      "doi": "10.48550/arXiv.2506.12770",
      "doi_url": "https://doi.org/10.48550/arXiv.2506.12770",
      "external_url": "https://arxiv.org/abs/2506.12770",
      "scholar_url": "https://scholar.google.com/citations?user=3cqkF08AAAAJ&hl=en",
      "added_date": "2025-06-20T16:01:36.888838",
      "featured": true
    }
  ],
  "profile_data": {
    "name": "Manas Pandey",
    "affiliation": "Student,",
    "interests": [
      "Quantum Optics",
      "AI",
      "Atomic Physics"
    ]
  },
  "last_updated": "2025-06-20T16:01:38.888964",
  "fetch_url": "https://scholar.google.com/citations?user=3cqkF08AAAAJ&hl=en"
}