{
  "gallery": {
    "name": "Manas Pandey Photography",
    "description": "Professional photography portfolio showcasing landscape, travel, and artistic photography",
    "version": "1.0.0",
    "lastUpdated": "2024-06-18",
    "settings": {
      "masonryBaseHeight": 320,
      "masonryMinRows": 20,
      "masonryMaxRows": 50,
      "slideshowInterval": 4000,
      "imageFormats": [
        "jpg",
        "jpeg",
        "png",
        "webp",
        "gif"
      ],
      "enableLazyLoading": true,
      "enableKeyboardNavigation": true
    }
  },
  "images": [
    {
      "id": 1,
      "filename": "2024-06-21-urban-cityscape.jpg",
      "title": "Urban Cityscape Golden Hour",
      "caption": "Urban photography capturing cityscape, golden hour, architecture captured in European City.",
      "metadata": {
        "camera": "Xiaomi 22041216I (xagain)",
        "lens": "Main Camera",
        "settings": "5mm"
      },
      "tags": [
        "cityscape",
        "golden hour",
        "architecture",
        "evening"
      ],
      "category": "urban",
      "featured": true,
      "sortOrder": 1,
      "aspectRatio": 1.34,
      "dimensions": {
        "width": 4640,
        "height": 3472
      },
      "location": "European City",
      "dateCreated": "2024-06-21"
    },
    {
      "id": 2,
      "filename": "2024-06-24-night-fireworks.jpg",
      "title": "Night Fireworks Celebration",
      "caption": "Night photography featuring fireworks, night, celebration captured in Festival Grounds.",
      "metadata": {
        "camera": "Xiaomi 22041216I",
        "lens": "Wide Camera",
        "settings": "5mm"
      },
      "tags": [
        "fireworks",
        "night",
        "celebration",
        "long exposure"
      ],
      "category": "night",
      "featured": true,
      "sortOrder": 2,
      "aspectRatio": 0.75,
      "dimensions": {
        "width": 2448,
        "height": 3264
      },
      "location": "Festival Grounds",
      "dateCreated": "2024-06-24"
    },
    {
      "id": 3,
      "filename": "2024-06-26-landscape-mountains.jpg",
      "title": "Landscape Mountains Sunset",
      "caption": "Landscape photography showcasing mountains, landscape, sunset captured in Mountain Range.",
      "metadata": {
        "camera": "Xiaomi 22041216I (xagain)",
        "lens": "Xiaomi",
        "settings": "ISO 130 • f/1.9 • 1/100s • 5mm"
      },
      "tags": [
        "mountains",
        "landscape",
        "sunset",
        "panoramic"
      ],
      "category": "landscape",
      "featured": false,
      "sortOrder": 3,
      "aspectRatio": 1.34,
      "dimensions": {
        "width": 4640,
        "height": 3472
      },
      "location": "Mountain Range",
      "dateCreated": "2024-06-26"
    },
    {
      "id": 4,
      "filename": "2024-06-29-landscape-sky.jpg",
      "title": "Landscape Sky Clouds",
      "caption": "Landscape photography showcasing sky, clouds, evening captured in Open Field.",
      "metadata": {
        "camera": "Xiaomi 22041216I",
        "lens": "Main Camera",
        "settings": "ISO 50 • f/1.9 • 1/708s • 5mm"
      },
      "tags": [
        "sky",
        "clouds",
        "evening",
        "dramatic"
      ],
      "category": "landscape",
      "featured": false,
      "sortOrder": 4,
      "aspectRatio": 0.75,
      "dimensions": {
        "width": 3460,
        "height": 4624
      },
      "location": "Open Field",
      "dateCreated": "2024-06-29"
    },
    {
      "id": 5,
      "filename": "2024-07-08-landscape-sunset.jpg",
      "title": "Landscape Sunset Serene",
      "caption": "Landscape photography showcasing sunset, landscape, serene captured in Countryside.",
      "metadata": {
        "camera": "Xiaomi 22041216I (xagain)",
        "lens": "Xiaomi",
        "settings": "ISO 546 • f/1.9 • 1/7s • 5mm"
      },
      "tags": [
        "sunset",
        "landscape",
        "serene",
        "golden hour"
      ],
      "category": "landscape",
      "featured": true,
      "sortOrder": 5,
      "aspectRatio": 0.75,
      "dimensions": {
        "width": 3472,
        "height": 4640
      },
      "location": "Countryside",
      "dateCreated": "2024-07-08"
    },
    {
      "id": 6,
      "filename": "2024-07-09-abstract-abstract.jpg",
      "title": "Abstract Light Long Exposure",
      "caption": "Abstract artistic composition with abstract, light, long exposure captured in Studio.",
      "metadata": {
        "camera": "Xiaomi 22041216I",
        "lens": "Main Camera",
        "settings": "5mm"
      },
      "tags": [
        "abstract",
        "light",
        "long exposure",
        "artistic"
      ],
      "category": "abstract",
      "featured": false,
      "sortOrder": 6,
      "aspectRatio": 0.75,
      "dimensions": {
        "width": 3460,
        "height": 4624
      },
      "location": "Studio",
      "dateCreated": "2024-07-09"
    },
    {
      "id": 7,
      "filename": "2024-07-11-landscape-evening.jpg",
      "title": "Landscape Evening Natural",
      "caption": "Landscape photography showcasing evening, natural, peaceful captured in Nature Reserve.",
      "metadata": {
        "camera": "Xiaomi 22041216I (xagain)",
        "lens": "Xiaomi",
        "settings": "ISO 362 • f/1.9 • 1/23s • 5mm"
      },
      "tags": [
        "evening",
        "natural",
        "peaceful",
        "golden light"
      ],
      "category": "landscape",
      "featured": false,
      "sortOrder": 7,
      "aspectRatio": 1.34,
      "dimensions": {
        "width": 4640,
        "height": 3472
      },
      "location": "Nature Reserve",
      "dateCreated": "2024-07-11"
    },
    {
      "id": 8,
      "filename": "2024-07-11-night-night.jpg",
      "title": "Night Mystery Dramatic",
      "caption": "Night photography featuring night, mystery, dramatic captured in Urban Area.",
      "metadata": {
        "camera": "Xiaomi 22041216I (xagain)",
        "lens": "Xiaomi",
        "settings": "ISO 813 • f/1.9 • 1/23s • 5mm"
      },
      "tags": [
        "night",
        "mystery",
        "dramatic",
        "low light"
      ],
      "category": "night",
      "featured": false,
      "sortOrder": 8,
      "aspectRatio": 0.75,
      "dimensions": {
        "width": 3472,
        "height": 4640
      },
      "location": "Urban Area",
      "dateCreated": "2024-07-11"
    },
    {
      "id": 9,
      "filename": "2024-07-14-urban-architecture.jpg",
      "title": "Urban Architecture Geometric",
      "caption": "Urban photography capturing architecture, urban, geometric captured in Downtown.",
      "metadata": {
        "camera": "Xiaomi 22041216I",
        "lens": "Main Camera",
        "settings": "ISO 50 • f/1.9 • 1/939s • 5mm"
      },
      "tags": [
        "architecture",
        "urban",
        "geometric",
        "modern"
      ],
      "category": "urban",
      "featured": false,
      "sortOrder": 9,
      "aspectRatio": 1.34,
      "dimensions": {
        "width": 4640,
        "height": 3472
      },
      "location": "Downtown",
      "dateCreated": "2024-07-14"
    },
    {
      "id": 10,
      "filename": "2024-10-17-urban-geometric.jpg",
      "title": "Urban Geometric Patterns",
      "caption": "Urban photography capturing geometric, urban, patterns captured in Business District.",
      "metadata": {
        "camera": "Xiaomi 22041216I",
        "lens": "Wide Camera",
        "settings": "ISO 12800 • f/1.9 • 1/14s • 5mm"
      },
      "tags": [
        "geometric",
        "urban",
        "patterns",
        "contemporary"
      ],
      "category": "urban",
      "featured": false,
      "sortOrder": 10,
      "aspectRatio": 0.75,
      "dimensions": {
        "width": 3460,
        "height": 4624
      },
      "location": "Business District",
      "dateCreated": "2024-10-17"
    },
    {
      "id": 11,
      "filename": "2024-10-17-street-street.jpg",
      "title": "Street Candid Urban Life",
      "caption": "Street photography documenting street, candid, urban life captured in City Center.",
      "metadata": {
        "camera": "Xiaomi 22041216I",
        "lens": "Main Camera",
        "settings": "ISO 6891 • f/1.9 • 1/16s • 5mm"
      },
      "tags": [
        "street",
        "candid",
        "urban life",
        "people"
      ],
      "category": "street",
      "featured": false,
      "sortOrder": 11,
      "aspectRatio": 0.75,
      "dimensions": {
        "width": 3460,
        "height": 4624
      },
      "location": "City Center",
      "dateCreated": "2024-10-17"
    },
    {
      "id": 12,
      "filename": "2025-04-13-abstract-color.jpg",
      "title": "View from a roof",
      "caption": "A Sunset to see",
      "metadata": {
        "camera": "Xiaomi 22041216I (xagain)",
        "lens": "Main Camera",
        "settings": "5mm"
      },
      "tags": [
        "sky",
        "hue",
        "light",
        "sun",
        "heaven"
      ],
      "category": "sky",
      "featured": true,
      "sortOrder": 12,
      "aspectRatio": 1.34,
      "dimensions": {
        "width": 4640,
        "height": 3472
      },
      "location": "Hall 9, IIT Kanpur",
      "dateCreated": "2025-04-13"
    },
    {
      "id": 13,
      "filename": "2025-06-20-sky-sky.jpg",
      "title": "The Sky ready to sob",
      "caption": "A sky before rain in the outskirts of the city",
      "metadata": {
        "camera": "Apple iPhone 16 Pro",
        "lens": "iPhone 16 Pro back triple camera 6.765mm f/1.78",
        "settings": "ISO 80 • f/1.8 • 1/6173s • 7mm"
      },
      "tags": [
        "sky",
        "outskirts",
        "road trip"
      ],
      "category": "sky",
      "featured": true,
      "sortOrder": 13,
      "aspectRatio": 1.78,
      "dimensions": {
        "width": 3840,
        "height": 2160
      },
      "location": "Patna, Bihar",
      "dateCreated": "2025-06-20"
    }
  ]
}